stress_congeneric_score,control_congeneric,self_efficacy_congeneric,depression_congeneric_score,somatic_congeneric,cog_affect_congeneric,learning_potential_score
-0.994498559934171,0.568380507445307,1.56834087827357,-0.852725231370259,-1.52290536482565,-0.294627256726416,2.153331288435988
-1.60182960441369,1.25801128444486,1.84697116519499,-1.43051447615966,-1.40334871528892,-1.39076554790036,3.369578276586431
0.183967482876842,-0.516081008293775,0.397377401949473,-0.347318790624578,0.0197251995129498,-0.594503371463641,0.2345471880782595
0.419527298598789,-0.581236272379715,-0.0636440827588053,-0.825758874938794,-1.00393964225627,-0.594503371463641,0.5340511281614546
-1.09371786247372,1.41304821062875,0.214986204162602,0.870990835636662,1.37257974650988,0.501634919710301,-0.02060330486800433
0.245484616007321,-0.544889764816813,0.52407624670828,0.539024730344818,0.456555947562434,0.470012295013914,-0.7006544514552611
2.50822891340535,-2.38039949513034,-2.16112771110954,1.93334298411118,1.19991499112357,2.39231129241911,-4.780089208238414
-1.67308465498622,1.67204360424369,1.3859496804867,-1.32700970411362,-1.172060989852,-1.39076554790036,3.272257087572239
0.529318146049857,-0.415822933430818,-0.52466556746708,1.0737427151039,1.54763578576985,0.666522241976182,-1.8097529665689982
-0.925447915317994,0.804399059546932,0.985097731416564,-1.15879732592457,-1.43383569864152,-0.819231541329135,2.319169459882632
-0.361372870969548,0.318597553483029,0.40185458455955,-0.0475010769958264,0.255714918259029,-0.294627256726417,0.4382297628314656
-0.589133522633409,0.280538923364363,1.20355848269982,0.352283891630547,1.11080503772036,-0.219479311854688,0.27464084034064634
0.459994514838411,-0.150096460020243,-0.929994699147301,1.86918213868518,1.51714880241725,2.06253664788735,-2.6805048087325503
-0.903631131562718,1.05717526679378,0.646297908856995,0.379133485965884,0.384103881402418,0.42648697483857,0.5066449267711365
-1.3775348153069,1.38420202016276,1.17196611181351,-1.55549291358239,-1.66747442073302,-1.39076554790036,3.250728690216035
-2.11843868505372,2.16783425171424,1.56834087827357,-1.55549291358239,-1.66747442073302,-1.39076554790036,3.9710646673852095
-2.11404582215301,2.13486826879429,1.66457996740811,-1.55549291358239,-1.66747442073302,-1.39076554790036,3.9889043133523234
-1.16608459194778,1.05080148886624,1.20355848269982,-1.26663432949471,-1.66747442073302,-0.819231541329135,2.709582533132659
-0.396248196068453,1.02159799653217,-0.833755610012761,-1.22245446259661,-1.23757836434778,-1.16603737803486,1.6750959936236225
0.739160287122857,-0.512700483650823,-1.05221636129602,-0.0257918656824767,-0.333470172115282,0.276906749844806,-0.8120053278070181
-0.993485855366625,0.898400514098859,0.985097731416558,-0.306437095868181,-0.340404863779528,-0.219479311854687,1.3960135314719555
-1.11185788111152,1.6720436042437,-0.282104834042069,-0.638110396404284,-1.00393964225627,-0.294627256726416,1.7199528552542493
-1.42316028399133,1.51999993134438,0.985097731416554,-0.885393572224682,-1.16970999319742,-0.594503371463641,2.4880190938817393
0.841576848672196,-1.0595374613467,-0.282104834042068,-0.603509033857833,-0.333470172115285,-0.86616126329764,-0.11594851496963927
1.34262864630586,-1.40254516810693,-1.05221636129603,0.536788966946369,0.54015103676461,0.501634919710301,-2.0242274740153956
-0.293170856495976,0.90800768956258,-1.14845545043057,-0.0840575986561131,-0.186550119553337,-0.0698990868609228,0.20512595826399815
1.34246077531034,-1.75992661705417,-0.372734125304488,-0.322018025120153,0.0940748876153837,-0.594503371463641,-0.985977545391212
0.922850872606358,-0.584112368047799,-1.54930739950071,0.258860585745281,-0.506175214720672,0.876658979319255,-1.3659912272872505
-1.15421825069373,0.785579444430549,1.66457996740811,-0.700780437516069,-0.739813936812173,-0.594503371463641,2.0988956778605723
0.398242054159764,-0.388726299463533,-0.372734125304477,0.165444353180529,-0.21626451923313,0.501634919710301,-0.6134901629016081
2.38899061836135,-2.40337633664365,-1.91408979507445,1.62090165195874,1.63670545195398,1.59777321088424,-4.378523569801002
1.3137852281986,-1.52236212589729,-0.651364412225891,1.60667623510429,1.81176149121395,1.44819298589048,-3.20028005234452
1.12077874569786,-0.749525706996708,-1.7316985972876,2.41252460144716,2.18996926921282,2.39231129241911,-4.033160775193141
-1.54611282361895,1.14402624166419,2.28836985037158,-1.29923059373509,-1.43383569864152,-1.16603737803486,3.3199209273960504
0.0881848072381799,-0.0924415130312228,-0.0636440827588161,-0.0390241061914438,0.28149990830247,-0.294627256726417,-0.06228124540251064
2.13141822271961,-1.68401297426032,-2.59804921367608,2.10842867854444,1.90083115739808,2.16758312255362,-4.754640355258662
0.841632886778388,-2.04077231301308,1.91350047431563,1.30060414054998,1.90083115739808,0.923588701287757,-2.0548535580401377
-0.677292942219543,0.257562081851055,1.3859496804867,-0.700780437516069,-0.739813936812173,-0.594503371463641,1.6186871251770751
0.381199859476962,-0.241104661287581,-0.432903660942635,0.117003542785772,0.419134272545596,-0.145047031732651,-0.5307680309122762
0.7173354679985,-1.25749738332966,0.397377401949479,0.612322232636771,0.25336392160445,0.876658979319255,-1.3121287719457155
1.51907539971655,-1.5720782995098,-1.20862498606871,1.72724978254268,1.63670545195398,1.77796763042224,-3.600645575211813
-1.45030824350588,1.32903589748347,1.3859496804867,-0.476875877798639,-0.975803655558254,-0.0698990868609216,2.116141967163658
0.447345504745228,-0.229601709353208,-0.651364412225878,2.27480962015619,2.33453832512019,2.06253664788735,-3.0784931920373344
0.0839384149373746,-0.202651295357864,0.150339485914376,0.141256796993069,0.709044968033136,-0.294627256726417,-0.2611064174281302
-0.307624448746827,0.0607286990374517,0.80270653362969,0.284478990402248,-0.449903241324633,0.876658979319255,0.11594771896470675
-1.63415442342492,1.36122517864944,1.97367000995378,-1.37087977887377,-1.23757836434777,-1.39076554790036,3.377721301775404
-1.77134382304011,1.86039635076294,1.3859496804867,-1.55549291358239,-1.66747442073302,-1.39076554790036,3.6568435102132786
-0.298618179952749,0.620166105481633,-0.342274369680223,-1.06258509444064,-0.975803655558255,-1.09088943316313,1.458507675227854
0.0664421548854303,-0.754710847737091,1.5126485252455,0.786878752828309,0.976981784814093,0.424762879936724,-0.6539018202265477
-0.135916098296792,0.270931747900647,-0.0636440827588064,-0.665889506782821,-0.742164933466752,-0.519355426591911,0.8830745680533387
1.45100927191333,-1.59415597623719,-0.9559772721615,1.52030993873699,1.69220484167722,1.37304504101875,-3.2743117596030524
-0.65111990977607,0.0596021598680953,1.56834087827357,-1.55549291358239,-1.66747442073302,-1.39076554790036,2.5977643514456688
1.10199137352191,-0.959316820426703,-1.04773917868595,1.467163805877,0.543274617091989,2.09243517768189,-2.7686699972678865
1.17173091294875,-1.28634357379565,-0.773586074374617,0.374495276166418,0.563703328452966,0.276906749844806,-1.6737705853370721
0.0059261539498079,0.0537328109154042,-0.0636440827588077,-0.314650449770155,-0.333470172115284,-0.294627256726417,0.36329403129263005
-0.448142206938795,0.257562081851052,0.802706533629686,0.0206105910944441,0.447270259243615,-0.294627256726417,0.48514541072174033
1.88063935415537,-1.63260934216691,-1.91408979507446,2.29187839554854,1.92819456042329,2.39231129241911,-4.581901808112831
0.625074114575606,-0.710303103765718,-0.246035280545687,0.687060330855389,0.594190311805561,0.741670186847912,-1.3872296983131425
-1.91883683990024,2.51084195847445,0.620315335842811,-0.627277365727391,-0.597595877559382,-0.594503371463641,2.619318343466432
0.576575321059772,-0.691064088763427,-0.372734125304485,0.0954105505813265,1.02173537153623,-0.594503371463642,-0.7917267490351664
0.0958037501234989,-0.0560950054683164,-0.063644082758814,0.686063019949347,0.879517312283439,0.576782864582029,-0.9101562075135741
0.988639754275939,-1.07990301551834,-0.651364412225895,0.835547508400815,0.827829033897064,0.801511034447525,-1.9748848330591993
-1.761645210479,1.84368359401337,1.07685963794102,-1.55549291358239,-1.66747442073302,-1.39076554790036,3.544465778405397
0.284201540103131,0.0537328109154043,-0.833755610012766,-0.206875307468278,-0.333470172115285,-0.129739934460535,-0.1125606368093476
-0.307335805355292,0.134364599417741,0.519599064098196,-0.805582097260312,-1.40334871528892,-0.294627256726416,1.3054496986190496
-1.94610711785122,1.6272538943294,2.25230029687521,-1.26663432949471,-1.66747442073302,-0.819231541329135,3.5846344959975696
-1.55277435428144,1.23879693351742,1.84697116519499,-0.110673291330132,0.477757242596214,-0.519355426591912,1.770625179854087
0.400434061975734,-0.503093308187111,-0.0636440827588028,-0.745947399974425,-1.23757836434777,-0.294627256726417,0.5057749743209492
0.174480585704781,-0.205262582699535,-0.0636440827588094,0.923343603502803,1.2882120736349,0.499910824808452,-1.2143131118857478
-1.0294090692943,0.898400514098853,1.20355848269982,-0.729546643454865,-0.54590759917301,-0.86616126329764,1.9852794511221148
0.172296031262533,-0.173073301533556,-0.0636440827588082,0.206159175440836,0.35820059305948,0.035147387805347,-0.38426092759820546
0.230161179907436,0.0441256354516965,-0.773586074374617,-0.0970621322465474,-0.478039228022654,0.17013618027669,-0.18430151503595474
-0.167726612725886,0.808518852000876,-0.925517516537234,1.01595110727603,1.51714880241725,0.60668139437657,-1.148913228772002
1.24876234115268,-1.24715840450763,-0.955977272161486,0.77287746728903,1.09195473934116,0.5016349197103,-2.195736591238046
0.441548847979288,-0.846101014947343,0.524076246708277,1.0468382199407,1.26230878529197,0.801511034447524,-1.5246685947828889
2.29430052554833,-2.17280773360882,-1.97873651332267,1.47551167950747,1.20680939556874,1.67292115575597,-4.0887041319526
-1.24530057459397,1.0438056007442,1.38594968048669,-1.15526763300176,-1.00393964225627,-1.22587822563448,2.670104202343296
-0.714359532661316,0.704178418626928,0.615838153232736,-0.878766674207709,-0.936071271105918,-0.866161263297639,1.795827371956567
0.321109383385016,-0.567866606330116,0.214986204162606,-0.314650449770155,-0.333470172115284,-0.294627256726417,0.09787258696410343
-0.232529858973328,0.270931747900651,0.118747115028068,0.0641659848758945,0.449621255898193,-0.219479311854688,0.12874999962450964
0.294705182185657,-0.913363137400079,1.20355848269983,0.443924270642925,-0.185777535880539,0.799786939545678,-0.48770094660410224
1.73648855694742,-1.96636717533149,-0.929994699147303,2.14901699125146,1.66719243530658,2.39231129241911,-4.167861422613141
1.45241949375693,-1.23713182915803,-1.51323784600431,1.50025544606011,1.37493074316446,1.59777321088424,-3.290579939142051
-0.182668366285966,0.953566636778149,-1.33084664821744,0.100602786266213,-0.272536492629169,0.426486974838572,-0.1217320934725432
0.390589637268445,-0.44205783655513,-0.282104834042064,-1.13366384360534,-1.40334871528892,-0.941309208169369,0.9335000900004253
0.484056584080472,-0.670963342918238,0.468383893680184,2.30574677005133,1.90464226873494,2.39231129241911,-2.871459046692065
0.151894173606905,-0.742117883441462,1.29979757183437,-0.45021549964254,-0.274887489283749,-0.519355426591911,0.5827770111527145
-0.0747321425311728,-0.173073301533553,0.615838153232739,0.449417520654901,0.421485269200175,0.501634919710301,-0.36585435564519525
-0.448142206938795,0.257562081851052,0.802706533629686,-1.01037200964741,-1.43383569864152,-0.59450337146364,1.7144967815612708
-1.10548071062679,0.51582567210769,1.84697116519498,-1.06562043826654,-0.545907599173009,-1.39076554790036,2.4307366943836866
-0.826106294342026,0.652355386647615,1.10731939356528,-0.43962888719288,-0.597595877559383,-0.294627256726417,1.4559430028287959
-1.85256172602076,1.63985432307771,1.97367000995378,-1.22245446259661,-1.23757836434778,-1.16603737803486,3.4199098464195483
0.269230705261786,-0.34106049388116,-0.0636440827588034,0.210553268233201,0.594190311805561,-0.129739934460535,-0.5090870058172339
-1.64747492461223,2.01167078636097,0.615838153232735,0.115644793819304,-0.246751502585731,0.319716405270456,1.5310230266292857
-0.574079859725643,0.801055968846944,-0.0636440827588048,-0.14760178709461,0.709044968033135,-0.866161263297639,0.6482896954155938
0.450892330738573,-0.341060493881156,-0.651364412225887,1.06830108812542,1.09195473934116,0.966398356713407,-1.741100142649631
-1.72260628297316,1.59064257844008,1.56834087827357,-0.739074083730218,-0.274887489283751,-1.09088943316313,2.6349481109979793
0.358296167775307,-0.105306750105944,-0.869825163509166,-0.121015021075075,-1.23757836434777,0.801511034447525,-0.28300510950868063
-1.07890399016833,0.687840163367588,1.56834087827358,-1.55549291358239,-1.66747442073302,-1.39076554790036,3.0031858126420463
2.16901448877644,-1.84393893019946,-2.50181012454154,1.52923103535821,2.07276361633067,0.966398356713405,-4.151224713119845
0.487800174020457,-0.962659911126676,0.397377401949485,0.350057487889143,0.213631537152115,0.501634919710301,-0.840828293672661
-0.324227910326746,0.28053892336436,0.427837157573741,-0.909581128412143,-0.244400505931151,-1.39076554790036,1.3847889961270958
1.71297363644884,-1.62673999321422,-1.51323784600432,0.603667517045727,-0.188901116207917,1.13128567897929,-2.4169239856311693
-1.34448344841004,1.37083235411316,0.985097731416558,-0.677333558661633,-1.00393964225627,-0.369775201598146,2.166706983099509
-1.72801540131304,2.02504045241056,0.798229351019611,-0.254698113331725,-0.185777535880533,-0.294627256726417,1.9996795544038033
0.443149632407111,-0.437938044101171,-0.372734125304483,0.51451525325361,0.769246351065529,0.306805279639344,-1.077404370941466
1.30177671699401,-1.33190252101125,-0.925517516537231,0.796523514156987,2.07276361633067,-0.294627256726419,-2.2947906857108533
1.06019586665708,-1.0440609369303,-1.05221636129603,0.879231999356174,0.192430242118333,1.29617300124517,-2.1026678109057553
0.604911707658382,-0.762088701802045,-0.282104834042067,0.772013067419476,1.28586107698033,0.259875557670841,-1.5093739651360714
-0.14942026913297,-0.0694646715179075,0.519599064098196,-0.334827227448637,0.0659389009173638,-0.594503371463641,0.5529769049267009
0.828256347484888,-0.409091853635173,-1.63993669076311,-0.280378379256957,-0.475688231368075,-0.129739934460535,-0.6879107457330899
0.568988493730707,-0.762088701802051,-0.0636440827588046,0.652169400122142,0.596541308460141,0.666522241976182,-1.2805869819866218
-0.589669793540819,0.273505601299357,1.07685963794101,-1.03678215571369,-0.859370586348905,-1.16603737803486,1.8928497060970406
-0.162787024965054,0.137745124060696,0.214986204162605,0.118611874893734,-0.0107617838396518,0.17013618027669,0.07621671422617017
-0.999040164512709,0.908776926863856,1.1073193935653,-1.0820211947861,-1.23757836434777,-0.819231541329136,2.324677148921834
-1.10419801084648,1.64319741377769,-0.0636440827588064,-0.340319918503415,-0.420188841644838,-0.294627256726418,1.442458099150133
0.4884280208176,-0.330986323385552,-0.529142750077172,0.312258100780785,-0.711677950114154,1.10138714918475,-0.7945068361474181
1.08848720268574,-1.29971323984526,-0.464496031828945,1.04447089498759,0.594190311805562,1.40294357081329,-2.270994730407814
-1.2391419324274,1.62725389432941,0.214986204162617,-1.13806433788091,-0.739813936812174,-1.39076554790036,2.4577092499920252
-0.789802680509339,0.633535771531236,0.985097731416556,-1.26304277530363,-1.00393964225627,-1.39076554790036,2.3107651929095288
0.0900682998718237,-0.574505192584081,0.798229351019603,-1.07842964059502,-0.574043585871029,-1.39076554790036,1.2131959020941485
-0.219318555719694,0.0825790013813955,0.524076246708276,-0.35165102214868,0.0173742028583713,-0.594503371463641,0.6636964951621773
-1.44361300638276,1.50405641189609,0.985097731416567,-1.26304277530363,-1.00393964225627,-1.39076554790036,2.8971241324254713
1.42796844907908,-1.13506913819763,-1.91856697768453,1.44415044169704,1.63905644860856,1.1911265265789,-3.291219495850272
1.00817789474081,-0.742887120742736,-1.45306831036617,0.382057623821169,0.278376327975084,0.335023502542572,-1.55285118236761
0.570808948910434,-0.661868060882039,-0.372734125304471,-0.408330299237315,-0.0762791583354262,-0.594503371463641,-0.16991405457495187
-0.66701588738933,0.435575849548271,0.985097731416556,-1.25023357297515,-0.975803655558254,-1.39076554790036,2.1722962299729196
-0.571183662524453,0.649012295947638,0.214986204162597,1.22222989264933,1.78127450786135,0.726363089575795,-0.8966316535440828
-1.46094713903853,1.38420202016276,1.3859496804867,-0.580134231617444,-0.478039228022651,-0.594503371463641,2.2070497106713187
0.592817218504115,-0.691064088763437,-0.277627651432003,-0.27183954718431,-0.216264519233131,-0.294627256726416,-0.2806957725963994
-0.308693773415924,0.137745124060692,0.610228355360617,0.331075751595297,0.388687576412077,0.200034710071229,0.02056625189648466
1.1423436166657,-2.26757842546202,1.29532038922428,2.30474945914528,2.18996926921282,2.22742397015323,-3.4946796758327032
-0.715210469213301,0.898400514098859,0.2149862041626,-1.26304277530363,-1.00393964225627,-1.39076554790036,2.124213211058322
0.565062616605351,-0.17307330153356,-1.11238589693418,0.378342608241772,0.975521670131813,-0.129739934460535,-1.121298984125743
0.472053819731454,-0.594101509454447,-0.0636440827588094,0.63751798691337,1.49594750738347,-0.129739934460535,-1.190023744717413
-0.863039191981575,0.671594401649893,1.20355848269982,0.509052217940788,0.58725562014132,0.5016349197103,0.37443349024661227
-0.466167440071423,1.3312524490141,-1.67600624425951,-1.55549291358239,-1.66747442073302,-1.39076554790036,1.9217473766524322
0.269230705261786,-0.34106049388116,-0.0636440827588034,0.835485647132551,0.594190311805561,0.966398356713407,-1.1957181987169143
0.653423507235268,-0.861577539363727,-0.190342927517605,0.581517993778121,0.591839315150981,0.470012295013914,-1.2857400889742212
-0.303692636435756,0.435575849548281,-0.190342927517611,-1.43051447615966,-1.40334871528892,-1.39076554790036,1.8674978226329528
1.72715657219212,-1.6200089134186,-1.51323784600433,1.89053208152534,1.08270933824142,2.39231129241911,-3.908546408742694
0.602821396439221,-0.988894814251013,0.337207866311332,-0.933595878508935,-1.23757836434777,-0.594503371463641,0.5713594983251371
1.05268180853823,-1.05953746134671,-0.743126318750353,0.545506029602302,0.412239868100432,0.559751672408065,-1.6575721625187676
1.35365539511724,-1.5587086334602,-0.646887229615821,1.76789995651796,1.63670545195398,1.83780847802185,-3.3833915821041107
0.432970545842952,0.242085557434648,-1.51323784600431,0.250390688261413,1.37493074316446,-0.594503371463642,-0.9578155898983471
-0.794680338610227,0.409605754750366,1.38594968048671,-0.982455592523613,-0.68431454708894,-1.22587822563448,2.0652710602208852
0.833512423497567,-0.318121086310816,-1.73169859728758,0.107410140988006,-0.429474529963663,0.470012295013914,-1.098133708124784
-0.552280239657131,0.74336358791496,0.0281178237656583,-1.0820211947861,-1.23757836434777,-0.819231541329136,1.7262975699168863
0.5602989435415,-0.296270783966865,-1.05221636129604,1.21214135316804,1.26007608693689,1.10138714918475,-2.074680138379062
1.08574276517695,-1.24789020786594,-0.677346985240082,2.10193571840978,1.78127450786135,2.22742397015323,-3.5132806923857673
-1.91283094548489,1.55584200993243,2.25230029687519,-1.55549291358239,-1.66747442073302,-1.39076554790036,3.8874478713908163
0.963088696963788,-0.600055887496103,-1.51323784600431,1.01249644914111,0.88645200394768,1.04154630158514,-2.2600045779179414
-1.91534258398878,1.41304821062875,2.55691315681079,-1.26304277530363,-1.00393964225627,-1.39076554790036,3.5733892638872895
-2.34845363951437,2.45567583579517,1.6645799674081,-1.43484670768376,-1.4056997119435,-1.39076554790036,4.057023427246311
-1.08533594297931,1.02159799653217,1.10731939356529,-1.55549291358239,-1.66747442073302,-1.39076554790036,2.9770998224947234
1.22390763202491,-1.41253430951357,-0.651364412225885,0.225338642213275,0.24411852050471,0.170136180276689,-1.481266661675078
0.481368221209475,-0.628902077962096,-0.0636440827588054,1.14174229864583,1.00053407650245,1.13128567897929,-1.727187462539518
-1.1620402871216,1.1573959077138,0.985097731416559,-1.11461745902647,-1.00393964225627,-1.16603737803486,2.505911691435891
1.03892914597533,-0.863473315834387,-1.23460755908292,1.82371539269424,2.04540021330545,1.59777321088424,-3.2714218788103278
0.852745767434117,-1.14093848715032,-0.0636440827588132,1.30363948437588,1.47093510101284,1.22346481602498,-2.341229282080272
1.52479594484155,-1.26336673228235,-1.73169859728757,-0.392485753082934,-0.478039228022652,-0.294627256726417,-1.204178205616958
-0.802121975133084,0.76260260291723,0.802706533629689,-0.45948802571882,-0.21626451923313,-0.594503371463641,1.3727351377121015
0.57744283482111,-0.785065543315363,-0.0636440827588052,1.09793408515394,1.16865542409818,0.966398356713406,-1.802599213934318
-0.598663605745276,0.555780078696993,0.615838153232756,-0.844805259517662,-1.40334871528892,-0.369775201598146,1.6565827546616974
1.21773100297439,-1.22907059274956,-1.14845545043056,1.32641729462271,1.6640688549792,0.966398356713406,-2.859276040610254
-1.01221725128724,0.743363587914955,1.3859496804867,-0.829769653447773,-0.478039228022653,-1.09088943316313,2.0856572049243582
-1.59742327339602,2.06683690904025,0.651907706729125,-1.36982060669947,-1.28926664273415,-1.39076554790036,3.205864335857207
1.56081340199231,-1.52236212589729,-1.33084664821744,-0.31137739042036,-0.27943089707433,-0.294627256726418,-1.2881229878040135
0.954050158238527,-0.917870201212396,-0.83375561001277,0.370484497657439,1.08960374268658,-0.219479311854688,-1.4654509021462123
-0.108565045239687,0.0537328109154083,0.214986204162602,-0.825758874938794,-1.00393964225627,-0.594503371463641,1.0745566380775913
-0.502364186664162,0.341574394996339,0.802706533629688,-1.55549291358239,-1.66747442073302,-1.39076554790036,2.389176583937669
0.663738613287712,-0.897886612983676,-0.0636440827587985,-0.468467169745724,-0.284132890383487,-0.519355426591912,-0.12136075863366039
-0.172369335453736,0.297166651024973,-0.0636440827588009,-0.6253011940758,-0.975803655558253,-0.294627256726416,0.888101285129237
0.601970459887235,-0.794672718779081,-0.0636440827588045,0.115391974108867,-0.0762791583354282,0.229977027876302,-0.668140103749885
-0.888891311102331,0.701567131285253,1.20355848269982,-0.885393572224682,-1.16970999319742,-0.594503371463641,2.04141369209506
0.381965676641492,0.0060670053330291,-1.05221636129603,1.18603541158647,0.422945383882455,1.70281968555051,-1.8095914363195147
-1.23179640375779,1.38420202016275,0.802706533629685,-1.44765591001225,-1.43383569864152,-1.39076554790036,2.9400807434552645
-0.316713852207891,0.296015447780771,0.118747115028066,2.12632244261076,2.10089960302868,2.00269580028773,-2.150959427923575
-2.0074907125544,1.43563031633102,2.8355434437322,-1.12525513555242,-0.711677950114154,-1.39076554790036,3.547529544797025
1.39172894700807,-1.23713182915802,-1.54930739950069,1.06425842478811,0.416783275891017,1.61308030815636,-2.754408342251722
1.20593427820619,-1.0440609369303,-1.42147593947985,-0.0733580379729061,0.190079245463759,-0.294627256726417,-1.2673086359854864
0.935436582098078,-0.832731348897743,-0.929994699147299,0.682861569324975,0.621553714830778,0.666522241976182,-1.7628403745525225
-0.345157417043291,0.406729659082275,0.214986204162598,-0.119081999383048,-0.213913522578553,-0.069899086860922,0.515617046702148
0.0272365389954464,-0.713683628408654,1.04526726705469,-0.411600400413269,-0.211562525923974,-0.519355426591912,0.520254410815167
0.764092938831226,-0.71991027922944,-0.524665567467097,-0.590276793348866,-0.948440252533037,-0.294627256726417,-0.043475204504171146
0.631074333631432,-0.717298991887747,-0.494955787453217,-0.808617441086209,-0.973452658903674,-0.594503371463641,0.23745054825660147
-0.718106666414491,1.05044418699817,-0.0636440827588024,-1.12525513555242,-0.711677950114154,-1.39076554790036,1.9260741054069812
0.765367536045432,-1.06442649110194,-0.18586574490754,-0.896348887903176,-0.859370586348904,-0.819231541329136,0.2392892849342692
-2.20478168606048,2.7146712294101,0.919318397906287,-1.00165350945655,-0.377786251577285,-1.39076554790036,3.2947777642618936
0.0667954440708509,-0.189016820981859,0.341685048921414,0.651533734016943,0.0894911926057176,1.10138714918475,-0.7163015111990472
-0.85658634360521,1.21621482781515,0.0325950063757324,-0.800625392619565,-0.973452658903676,-0.716581038303874,1.773030986965629
-0.178466626407849,0.0119363542857157,0.397377401949477,-0.825758874938794,-1.00393964225627,-0.594503371463641,1.1475433596973184
0.832766602545331,-0.983025465298326,-0.464496031828943,1.79371369243688,1.95633054712132,1.59777321088424,-2.9330767032773135
-2.03081841253249,2.03464762787428,1.56834087827357,-1.25023357297515,-0.975803655558254,-1.39076554790036,3.5079310173913143
-1.99550642740174,2.23847689880992,1.20355848269982,-1.37087977887377,-1.23757836434777,-1.39076554790036,3.593994312992402
0.820094446356597,-0.638509253425808,-1.05221636129603,2.14907885251973,1.90083115739808,2.22742397015323,-3.367270192528605
1.61295967759489,-1.72335273510781,-1.27067711257929,1.0606768792024,1.14364301772754,1.07316892628152,-2.984372602718363
-2.38447109666513,2.71467122941011,1.26372801833797,-1.12655202325063,-1.14392500315398,-1.09088943316313,3.6949333139219256
0.700816701733468,-0.493104166780465,-1.05221636129603,-0.933595878508935,-1.23757836434777,-0.594503371463641,0.2561696732963373
0.463490782696516,-0.628902077962096,0.0325950063757303,-0.6253011940758,-0.975803655558253,-0.294627256726416,0.320199046897868
1.87709531394474,-1.69450654464182,-1.91408979507445,0.169035907371605,0.447270259243615,-0.0698990868609219,-2.2237734911719764
-1.18656791218772,1.16700308317752,0.985097731416559,-1.26304277530363,-1.00393964225627,-1.39076554790036,2.668524083568068
-0.790429049505896,0.105051413919851,1.88304071869137,-1.55549291358239,-1.66747442073302,-1.39076554790036,2.7748577343924987
1.28533172600712,-0.923739550165079,-1.70010622640126,0.779927426375477,1.1177397293846,0.516942016982417,-2.354944281886571
0.917019996520219,-0.988894814251006,-0.651364412225889,0.627963132625979,-0.113660546133188,1.20643362385102,-1.641333722661794
-1.34802892563039,1.94102813926527,0.0325950063757227,-1.15223228917586,-1.43383569864152,-0.926002110897251,2.634999303203852
-1.36268797098465,1.19584927364351,1.3859496804867,-0.543946413185992,-0.0481431716374062,-0.819231541329136,2.013663845244991
0.69573595009003,-0.308871212715179,-1.33084664821743,0.337248285560659,0.185495550454095,0.501634919710301,-1.2382001171878625
1.7987803190659,-1.77851885778711,-1.51323784600431,2.22128838258415,2.07276361633066,2.16758312255362,-4.4061847309406215
0.850173359713134,-1.00775186331036,-0.468973214439023,-0.505886668633161,-0.450675824997436,-0.519355426591912,-0.29513157985062344
1.98344683768841,-1.87278512066545,-1.91856697768453,1.68252313203858,0.947385683433792,2.16758312255362,-4.016529443201057
0.244382166872944,-0.163466126069843,-0.246035280545683,-1.11461745902647,-1.00393964225627,-1.16603737803486,1.0419927945573042
-0.978194107202563,1.12520662654782,0.397377401949475,-0.580134231617444,-0.478039228022651,-0.594503371463641,1.5894323364479517
0.0647530595791377,-0.0820651002662267,0.154816668524461,0.650142632282884,1.02867006320047,0.229977027876301,-0.7390652529433543
-0.671954469082232,0.69457124316321,0.519599064098201,-0.610876609207831,0.0940748876153822,-1.16603737803486,1.3741123773996142
-0.108565045239687,0.0537328109154083,0.214986204162602,-0.0020235338129189,-0.0693444666711848,0.0052488580108071,0.1588614171819039
0.872824061031814,-1.0595374613467,-0.372734125304479,1.1754082115545,2.18996926921282,0.229977027876301,-2.242419808055725
0.304397225860562,-0.40583379202417,-0.0636440827588045,-0.806322774593338,-0.742164933466753,-0.866161263297639,0.6481445954660436
0.292927245290037,-0.774307164607425,0.57976859973636,-1.44765591001225,-1.43383569864152,-1.39076554790036,1.4512402203085868
-0.634901161268373,0.341574394996338,1.20355848269983,-0.292016324862792,0.183144553799516,-0.594503371463641,1.0668941633564573
-1.30328343660666,1.92508461981696,-0.033184327134537,-1.07842964059502,-0.574043585871029,-1.39076554790036,2.4268565674722895
0.198226674959246,-0.0014333117638826,-0.651364412225893,-0.0872264124756965,0.213631537152114,-0.294627256726417,-0.2226019325064465
-0.373432175862592,0.762602602917232,-0.464496031828942,-0.386248570832551,-0.106766141688025,-0.519355426591911,0.6812508776958299
1.45163795794527,-1.02369538275866,-2.10095817547139,1.85873979342118,2.07276361633067,1.59777321088424,-3.808198261624977
-0.32810944106944,0.286408272317047,0.33720786631133,0.14558902851717,0.711395964687715,-0.294627256726417,0.14550711293775132
0.945660321084925,-0.460914885614488,-1.73169859728758,1.43040552858257,0.301928619663441,2.22742397015323,-2.69658824735962
-1.62684345884861,1.78486467391201,0.985097731416555,-1.44765591001225,-1.43383569864152,-1.39076554790036,3.3082098984809747
-0.938707145299075,0.658993972901588,1.38594968048671,-1.0820211947861,-1.23757836434777,-0.819231541329136,2.299873084828053
-0.413632225564654,0.57759294709798,-0.0941038383830678,-0.294238914741616,-0.167699821174138,-0.369775201598147,0.6770638947446312
-1.29698420870252,1.14145238826551,1.26372801833798,-1.55549291358239,-1.66747442073302,-1.39076554790036,3.158563324693126
0.057093189314097,-0.0532189098002246,-0.0636440827588013,0.49842475676062,0.526321940655204,0.394864350142183,-0.6160699582852556
-1.91283094548489,1.55584200993243,2.25230029687519,-1.43051447615966,-1.40334871528892,-1.39076554790036,3.739463183904032
-0.289639018476628,-0.649267632133733,2.06543191647824,0.395166402941814,1.02408636819081,-0.129739934460536,0.07296132784281036
-0.26449912056231,0.633535771531233,-0.464496031828949,-0.536900290851116,-1.00393964225627,-0.022969364892418,0.7849888199002312
1.342891930618,-0.893766820529721,-1.91408979507445,2.41252460144716,2.18996926921282,2.39231129241911,-4.236485849257218
0.226477083608178,-0.191892916649935,-0.282104834042071,-0.206813446200014,-0.0998314500237823,-0.294627256726417,-0.018742150658578437
-0.505969150466803,0.76260260291723,-0.0636440827588044,-0.745947399974425,-1.23757836434777,-0.294627256726417,1.3405111300529997
0.711809234065751,-0.295501546665585,-1.33084664821743,0.166745054741314,0.762311659401286,-0.294627256726418,-1.0684585161454294
-1.12190159147308,0.902138340609872,1.73110927652876,-1.43051447615966,-1.40334871528892,-1.39076554790036,3.005902119803372
0.531614272594132,-0.241104661287579,-0.929994699147308,0.848356710729299,0.855965020595084,0.801511034447525,-1.5872918381228447
-2.14616054827397,2.22886972334622,1.44611921612484,-1.29923059373509,-1.43383569864152,-1.16603737803486,3.685490174821142
-0.57790982154524,1.02159799653217,-0.246035280545677,-0.782424786592674,-0.994653953937452,-0.716581038303874,1.4965902499560122
-1.06510561312235,0.989408715366195,0.985097731416564,-1.15879732592457,-1.43383569864152,-0.819231541329135,2.4440708062877907
-0.0767992248074665,0.412217042092043,-0.773586074374615,-0.0202241398398105,-0.0481431716374082,0.0052488580108072,-0.048184081487331144
0.915098726390111,-0.447927185507822,-1.51323784600431,1.49462967281176,1.40229414618968,1.53793236328463,-2.7655851558755304
-0.663033750137139,0.772209778380947,0.337207866311332,-0.203472124098752,-0.711677950114154,0.154829083004573,0.9482989918576398
-1.33221208051375,0.908007689562571,1.97367000995378,-1.14239656940501,-0.742164933466752,-1.39076554790036,2.8128144561322665
-1.55760882644252,1.05044418699816,2.37452195902392,-1.55549291358239,-1.66747442073302,-1.39076554790036,3.597275601744194
0.967236966623611,-1.14093848715033,-0.342274369680223,-0.600235974508038,-0.279430897074332,-0.86616126329764,-0.23772497510952215
-0.513629020731843,0.791448793383232,-0.282104834042067,0.52450704832858,0.323129914697222,0.848440756416028,-0.2589239946465785
-1.40002992219004,1.47521022143009,0.985097731416566,-0.91935498691473,-0.702432549014417,-1.09088943316313,2.499662029001091
1.32552280624848,-1.12807325007559,-1.51323784600431,2.01136387122875,2.04540021330545,1.89764932562147,-3.77196936649704
0.149438656056518,-0.630028617131466,0.92492819577841,-0.561334265265811,-0.80768230796253,-0.294627256726417,0.6537515912251498
-1.36619701948153,1.24840410898113,1.3859496804867,-1.55549291358239,-1.66747442073302,-1.39076554790036,3.2665673016909067
1.04139506999614,-1.21831221404164,-0.464496031828938,1.20217953453301,0.738759367712931,1.53793236328463,-2.392483482721529
-0.408155464702228,1.35201273899677,-1.51323784600431,-0.912862890465274,-0.54355660251843,-1.16603737803486,1.196621903122551
0.212470534294538,-0.477627642364065,0.214986204162598,0.645542969993794,0.447270259243616,0.801511034447525,-0.9348213232149041
0.655560134950069,-1.22752465369431,0.615838153232746,-0.853537985317331,-0.742164933466751,-0.819231541329135,0.4278065829202004
1.80022119589098,-0.926615645833177,-2.96283160924984,1.88191868255343,1.10845404106578,2.39231129241911,-4.166093975177521
-1.53636120560529,1.8534004626409,0.579768599736349,-0.477233708736903,0.362902586368639,-1.16603737803487,2.0189019624360385
0.32549965589158,-0.0268989775869177,-0.966064252643682,0.771890371728771,1.02408636819081,0.454705197741796,-1.3309298333982638
0.980306109123194,-0.667620252218216,-1.45754549297625,1.15755417138528,0.58490462348674,1.62767174067878,-2.4525881070890847
-1.20328006971218,1.32903589748346,0.706467444495148,-0.399853328432932,-0.0504941682919849,-0.594503371463641,1.6275542268169974
-0.0841101893837711,-0.0114224531705232,0.214986204162609,-0.930560534683038,-1.66747442073302,-0.294627256726416,1.2086477195925527
-0.87899465617713,0.898400514098855,0.706467444495147,-1.43484670768376,-1.4056997119435,-1.39076554790036,2.57031733836814
0.713875968727834,-0.56786660633012,-0.833755610012762,1.30562244531078,0.736408371058351,1.70281968555051,-2.247709044656075
-0.714058470852711,1.15405281701381,-0.246035280545684,-0.912862890465274,-0.54355660251843,-1.16603737803486,1.6656277753412285
0.387942595707102,-0.513469720952113,-0.0636440827588173,-0.364706642704397,-0.739813936812174,-0.0698990868609218,0.08002007947877011
-0.758614954732017,0.484368194300025,0.980620548806489,-0.855760575196156,-1.09300930844041,-0.594503371463641,1.794360847116001
1.67632818780276,-2.19954706570799,-0.591194876587743,-1.21421186134217,-1.23376725301092,-1.22587822563448,-0.25613542017200003
0.241745959402456,0.303515764877673,-1.20862498606871,1.81857395993744,1.54216120878789,1.94285495268812,-2.4579015696337443
0.709198273613662,-0.571629096915991,-1.05221636129603,1.12323190048099,0.657356689646761,1.47809151568502,-2.1274666904659236
1.41993093661716,-1.64855286161519,-0.869825163509148,1.69390855921807,1.90083115739808,1.49268294820744,-3.448070433319553
2.00462758042048,-2.1728077336088,-1.45754549297623,2.41252460144716,2.18996926921282,2.39231129241911,-4.826587251636437
-1.3890064679601,1.12520662654782,1.56834087827357,-1.11461745902647,-1.00393964225627,-1.16603737803486,2.7783458129576974
-0.136566065794133,0.273543035242336,-0.408803678800873,-0.312717428078127,0.690194669653938,-1.16603737803486,0.35442429525467267
-0.618459037242487,0.520714701862932,0.579768599736354,0.242541937334124,0.508244225948811,0.0052488580108064,0.34647480403359504
0.353798909579431,-0.348056382003199,-0.372734125304481,0.620068273565287,0.502769648966847,0.559751672408066,-1.0533764123015965
0.155956008369682,0.348570283118387,-1.14397826782049,-0.347318790624578,0.0197251995129498,-0.594503371463641,0.05672175383976787
-0.669442830578338,0.837365042466884,0.214986204162598,-1.26663432949471,-1.66747442073302,-0.819231541329135,2.1032798328202142
1.24163249411691,-1.24454711716596,-0.955977272161491,1.30220721326397,0.407537874791277,2.00269580028774,-2.747630477740469
-0.211334905651192,0.4419496274758,0.0630547619999837,0.941400426202635,0.0073562180858294,1.67292115575597,-0.7755148976228614
-0.158016780173909,-0.121250269554248,0.706467444495151,-0.27183954718431,-0.216264519233131,-0.294627256726416,0.5587482346537755
-0.646851615841954,0.636411867199332,0.397377401949486,-1.26304277530363,-1.00393964225627,-1.39076554790036,2.0598044017187584
1.42731423994214,-2.0925579110494,0.124356912900195,0.878296549718396,0.711395964687714,0.966398356713407,-2.3103291059919955
1.16827798540538,-0.978905672844363,-1.45306831036617,0.792865964137085,1.90083115739808,-0.145047031732652,-2.27881085066026
-2.92782043202688,2.71467122941011,2.8355434437322,-0.993971253127848,-0.742164933466752,-1.16603737803486,4.261861522643118
1.28820357303794,-0.910369884115482,-1.73169859728758,1.36922819720855,1.78127450786135,0.966398356713407,-3.022796284870047
-0.582749558400739,0.649012295947651,-0.0079517297307373,-1.25864228102807,-1.66747442073302,-0.941309208169368,1.9690796098178098
-1.27724312907003,1.27725029944713,0.985097731416566,-1.55549291358239,-1.66747442073302,-1.39076554790036,3.1088192023059746
0.791764905211048,-1.10509640856228,-0.0636440827588084,1.10115398593881,1.23417279859395,0.906557509113794,-2.009520770961006
-2.54931303876646,2.20002353288022,2.8355434437322,-0.744014378282397,-0.213913522578553,-1.16603737803486,3.622470088408276
-0.527894784541541,0.658993972901589,0.214986204162613,-0.513131958981559,-0.739813936812173,-0.294627256726417,1.1253161837694756
0.423329214678213,-0.105041941779527,-1.05221636129602,-1.14598812359609,-1.4056997119435,-0.819231541329135,0.7488510511496306
0.342714104137038,-0.296270783966876,-0.24603528054569,-1.11820901321755,-1.66747442073302,-0.59450337146364,0.9732566436406935
-0.958392103978058,0.778079127333636,0.985097731416563,-0.604321787804905,0.447270259243615,-1.39076554790036,1.6307787084452876
0.750338329720409,-0.411703140976852,-1.2346075590829,0.437977305527659,1.14129202107296,-0.129739934460535,-1.4100104150809787
1.16373638082684,-0.638509253425815,-1.91408979507445,0.054019609281893,-0.567108894206785,0.57678286458203,-1.3798106741533607
-0.191240527156536,0.736367699792904,-0.833755610012768,-0.948053397990684,-1.25877965938155,-0.776421885903487,1.2287333086633812
-0.669981977643238,0.681201577113622,0.397377401949473,-0.478241028248311,-0.742164933466753,-0.219479311854687,1.208198604426653
0.086321166118648,-0.228239424212843,0.118747115028064,-0.974184191215955,-1.00393964225627,-0.819231541329136,1.0087565434049326
-0.428559874466193,0.218376912563024,0.80270653362968,-1.44765591001225,-1.43383569864152,-1.39076554790036,2.1839542401930374
0.958134782523773,-1.33190252101124,-0.063644082758809,-0.117177048656765,0.155008567101496,-0.294627256726416,-0.794161153384351
0.915898920057291,-1.79215333216311,0.671530506260798,2.33468929813438,2.04540021330545,2.39231129241911,-3.45752884571617
0.543609932112597,-0.558259430866401,-0.464496031828942,0.398259794173396,0.281499908302471,0.501634919710301,-1.0430738008307348
2.23558247023847,-2.18617739965839,-2.13702772896778,1.4194066751444,1.47093510101284,1.26627447145063,-4.036644941200103
-0.0395205713624394,-0.05321890980022,0.118747115028073,-0.567325029288961,-0.449903241324631,-0.594503371463641,0.6663414726973261
0.613578111752039,-0.803885158431748,-0.159883171893341,0.518663395707366,0.360551589714059,0.529853142613526,-1.15126131787721
-1.49247091833821,0.96904316119455,2.25230029687519,-0.81294967261031,-0.975803655558252,-0.594503371463641,2.6300887132249855
0.2156244529896,-0.0084291998859306,-0.651364412225897,-1.06562043826654,-0.545907599173009,-1.39076554790036,0.8775272811829167
1.74921119197194,-1.41253430951357,-2.10095817547139,2.49035990475994,2.33453832512018,2.39231129241911,-4.739365756657274
-0.858916362579433,0.979801539902481,0.397377401949482,-1.55549291358239,-1.66747442073302,-1.39076554790036,2.635507119495995
-0.330404815944129,0.477372306177978,-0.190342927517611,-0.745947399974425,-1.23757836434777,-0.294627256726417,1.12203503477238
0.811380115535493,-0.930470629960705,-0.3682569426944,1.63904039671736,1.3818654348287,1.76266053315012,-2.6641155107431764
-1.050134778281,1.38420202016276,0.214986204162602,-0.825758874938794,-1.00393964225627,-0.594503371463641,1.947493083663657
0.39048094132391,-0.499835246576092,-0.185865744907525,-0.0828941809515953,0.215982533806692,-0.294627256726417,-0.3336176414482892
-0.895008453570556,1.03419842528047,0.620315335842803,-0.956970680749323,-1.09300930844041,-0.86616126329764,2.082094386033116
-2.48108485734167,2.71467122941012,1.44611921612484,-1.55549291358239,-1.66747442073302,-1.39076554790036,4.279605459535436
1.04383961416909,-0.93556327715941,-1.14845545043056,1.04835201736547,0.58490462348674,1.47809151568502,-2.3717485639550837
0.0161333157273024,0.325328633278664,-0.77358607437463,0.817892636245112,0.467698970604588,1.17821540094779,-1.110729541967152
0.925483461446253,-0.829473287286724,-1.05221636129602,0.908988718921229,0.736408371058351,0.966398356713407,-2.0505959659748063
-0.642730651069964,0.795568585837187,0.214986204162598,1.01769957200909,2.04540021330545,0.094988235404959,-0.5785108642811735
0.351299544794426,-0.314740561667861,-0.250512463155748,0.0766537341892561,-0.0504941682919843,0.276906749844806,-0.4626194012826395
-0.12758887828132,0.293139352112681,-0.378343923176619,0.83331414421901,0.709044968033134,0.906557509113795,-0.9222797320826047
-1.47037023646109,1.36122517864944,1.48218876962123,-1.26304277530363,-1.00393964225627,-1.39076554790036,3.019366335249493
1.6915143802288,-1.62973324649882,-1.41699875686977,1.14507340540131,0.741882948040315,1.4627844184129,-3.0702996279117114
0.749799182655508,-0.567866606330114,-1.05221636129602,0.157234813141136,0.336999298025706,-0.0698990868609226,-1.0214358197306321
-0.21315958950398,0.250566193729015,-0.0034745471206647,1.08686257325554,1.90083115739808,0.335023502542571,-1.0957035638567911
0.141937960571797,0.354944061045941,-1.14845545043056,0.374072237985935,1.20680939556874,-0.294627256726417,-0.7850308964393806
0.838705001641375,-1.0729071273963,-0.250512463155754,1.47700333951043,1.78127450786135,1.13128567897929,-2.5209984924536246
0.753466978312277,-0.445438361198088,-1.33084664821744,0.770521407416519,0.711395964687715,0.801511034447525,-1.800197116916857
-0.817271553346611,0.610558930017918,1.20355848269982,-0.409627186935519,-0.508526211375251,-0.294627256726416,1.4238357643392527
-1.52240766174421,1.41304821062875,1.48218876962123,-1.26304277530363,-1.00393964225627,-1.39076554790036,3.0595545570234712
-1.29011223753555,0.724543972798569,2.25230029687519,-1.55549291358239,-1.66747442073302,-1.39076554790036,3.328165913777254
-0.802121975133084,0.76260260291723,0.802706533629689,-0.638110396404284,-1.00393964225627,-0.294627256726416,1.616645690988353
-0.164587834230458,0.545403665931993,-0.747603501360425,-0.580134231617444,-0.478039228022651,-0.594503371463641,0.6677696136409442
-0.793477047893401,0.893300402447458,0.712077242367288,-0.450461917869774,-1.00393964225627,0.0052488580108079,1.436936319287879
-1.51721150325561,1.57516605402368,1.19908130008975,-1.04296827388778,-1.20019697655002,-0.941309208169368,2.8289197164552045
-0.900353097446796,0.254218991151067,1.97367000995378,-0.972497587751162,-0.709326953459576,-1.16603737803486,2.226246543977453
-0.993485855366625,0.898400514098859,0.985097731416558,-1.06258509444064,-0.975803655558255,-1.09088943316313,2.2807845686708847
-0.740678029636763,0.633535771531239,0.79822935101961,-1.15520577173349,-0.770300920164772,-1.39076554790036,2.099372528394128
-0.289290029940576,0.134364599417746,0.397377401949469,-0.786535712681445,-1.00393964225627,-0.519355426591911,1.1920319735900207
1.09067175712798,-1.33190252101124,-0.464496031828946,-0.20354038685022,-0.0457921749828288,-0.294627256726418,-0.8712391703230697
1.0189431490528,-1.09172674251269,-0.524665567467092,0.845321366903402,1.28586107698033,0.5016349197103,-2.0034498061701695
-0.801271038581098,0.568380507445298,1.20355848269983,-0.873325047229224,-0.480390224677231,-1.16603737803486,1.923645157248263
1.440139002025,-0.95670553308503,-2.10095817547139,1.17043840850165,0.412239868100433,1.65588996358201,-2.911342077054381
1.24826638002759,-1.36774459959929,-0.646887229615825,1.09911554232985,0.400283974166395,1.49100264131613,-2.40724124518033
-0.366352380042173,0.642785645126876,-0.282104834042065,-1.24590134145105,-0.973452658903675,-1.39076554790036,1.706184122406383
-0.647528694507582,0.089574889503442,1.69503972303238,0.645129679270469,0.652813281856177,0.484603727536336,0.16073366473764086
-1.5393030612971,1.36538240504638,1.56834087827357,-0.930560534683038,-1.66747442073302,-0.294627256726416,2.7534080094175692
-0.0549587929675006,-0.278898483079821,0.802706533629696,1.26245036581272,1.49594750738347,0.966398356713407,-1.2607942037074622
2.18376327869753,-1.81020370997822,-2.50181012454154,2.21404309223576,1.78362550451593,2.39231129241911,-4.879441775070602
0.53968405498724,0.0307559694020894,-1.51323784600431,0.878491322023149,0.8536140239405,0.724638994673949,-1.6642104810710385
1.19546070156072,-1.19610460982961,-1.14845545043057,1.16715894766865,1.25772509028231,1.04154630158514,-2.653414462942594
0.938190609348732,-1.0595374613467,-0.464496031828943,0.316034211930831,0.447270259243613,0.17013618027669,-1.2849491623493647
0.947495886991121,-1.27673639833195,-0.0636440827588072,0.19111763577637,0.416783275891016,0.005248858010808,-1.1094848525806222
-0.416630701358012,0.496611321180247,0.118747115028064,-0.552355121238908,-0.739813936812173,-0.369775201598146,1.0339793630929313
-1.62731701635126,1.61100813261172,1.3859496804867,-1.44765591001225,-1.43383569864152,-1.39076554790036,3.3765105246619584
-1.36572346197888,1.42226065028142,0.985097731416561,-1.55549291358239,-1.66747442073302,-1.39076554790036,3.1982666755099247
0.514705744788253,-0.402095965513125,-0.773586074374615,-0.513131958981559,-0.739813936812173,-0.294627256726417,-0.015426617399817025
2.93967273992649,-2.6072056075793,-2.96283160924982,2.49035990475994,2.33453832512018,2.39231129241911,-5.947306198806388
-0.364885561662079,0.490237543252715,-0.312564589666333,-1.01037200964741,-1.43383569864152,-0.59450337146364,1.3983054691736136
-2.26513544930566,1.73708171071313,2.83554344373222,-0.953382940420828,-0.975803655558254,-0.941309208169369,3.6128040750890307
0.725126093057409,-0.826861999945045,-0.687433965722277,0.101986384522007,1.22492739749421,-0.866161263297641,-0.976760455412479
-0.809494210915615,1.13481380201153,0.0325950063757251,1.24951744094771,1.00053407650245,1.29617300124517,-0.6299425803018218
0.210294949312993,-0.0560950054683205,-0.342274369680224,0.926553190954297,0.123789287295178,1.53793236328463,-1.2478338885126512
0.463110382791504,-0.610082462845711,-0.0636440827588056,-0.567325029288961,-0.449903241324631,-0.594503371463641,0.19691871738825342
-0.984180577724236,0.681201577113615,1.38594968048669,-0.700780437516069,-0.739813936812173,-0.594503371463641,1.8994927271857953
0.529271125366922,-0.590843447843418,-0.494955787453205,1.21831286028758,0.851381325585419,1.53793236328463,-2.0111926437013437
0.407437395857236,-0.0050861091859452,-1.14845545043057,-0.221299892336248,-1.40334871528892,0.741670186847913,-0.23250472449730772
-1.78209396662563,1.29319381889543,2.43469149466206,0.0459904916409073,1.20680939556874,-0.941309208169369,1.9118485934116864
0.566803939288459,-0.729899420636071,-0.0636440827588034,0.212591301153056,0.449621255898193,0.0052488580108071,-0.7740905995114267
0.768806715054651,-0.920863454496992,-0.246035280545674,0.585105734106616,0.709044968033134,0.394864350142185,-1.3874953379188129
1.15774991030517,-1.08251430286002,-0.925517516537228,1.63859903502829,0.932665705352093,2.09243517768189,-3.0092727020499455
0.296485843013131,-0.189786058283129,-0.651364412225894,1.37361847613834,1.47093510101284,1.29789709614702,-2.016709252179723
1.91298004618866,-2.40337633664364,-0.677346985240082,0.839073387461047,0.711395964687715,0.891250411841678,-2.8409462566832158
0.487203397944981,-0.442057836555134,-0.464496031828938,0.0695419138345448,-0.309917880426926,0.426486974838571,-0.5963068162896084
-1.16467390419794,1.05044418699816,1.29979757183436,-0.228891360742198,0.476984658923408,-0.866161263297641,1.5480281510261462
1.20296182466588,-1.39993388076526,-0.651364412225898,0.878296549718396,0.711395964687714,0.966398356713407,-2.2196013835898047
-0.0846531476267426,-0.204493345398252,0.802706533629699,0.481662823328841,0.711395964687714,0.229977027876302,-0.32461051581706984
1.68658237026319,-1.75293072893213,-1.33084664821744,1.998492807632,1.78362550451593,2.06253664788735,-4.052564119875021
0.614676517702401,-0.341060493881151,-1.14284565255843,-0.12372891188585,-0.279430897074331,0.0052488580108065,-0.6012470806343482
0.797815021107299,-0.78794163898345,-0.651364412225901,-0.475578990100435,-0.543556602518429,-0.369775201598147,-0.2899194845488235
0.482692715264106,-0.649267632133738,-0.0636440827588112,-0.314650449770155,-0.333470172115284,-0.294627256726417,-0.08959863448229509
0.0914346412390017,0.0082835568636423,-0.0636440827588117,0.101346718504621,-0.508526211375256,0.499910824808455,-0.10659632088148517
0.41978728832949,-0.266298054331506,-0.74760350136043,0.247601090825438,-0.272536492629171,0.666522241976184,-0.7786366628114436
0.401658829546534,-0.19189291664995,-0.524665567467093,-0.186080458156353,0.594190311805561,-0.86616126329764,-0.20789911599454117
-0.0047061698555499,-0.273293942453553,0.48800669321188,0.255084564586358,0.58490462348674,0.0052488580108074,-0.25885486031937976
0.657790347882935,-0.619652204366453,-0.651364412225879,-0.530273392834144,-0.770300920164772,-0.294627256726416,-0.095142181167156
0.581338994123623,-0.567866606330122,-0.432903660942625,0.0148002608871238,-0.0207797686121923,0.0052488580108064,-0.5886866237513634
-0.589133522633409,0.280538923364363,1.20355848269982,0.0321837172581743,-0.363957155467885,0.259875557670843,0.7574536680181349
-0.447646747802839,0.898018548155937,-0.55512532309135,0.599696723582052,0.759960662746709,0.5016349197103,-0.39117354337284477
-2.02236407144209,2.01167078636097,1.56834087827357,-0.989639021603747,-0.739813936812174,-1.16603737803486,3.2144005649669447
2.41436917997946,-2.6072056075793,-1.51323784600431,0.770521407416519,0.711395964687715,0.801511034447525,-3.3316708023618435
0.235090171858469,-0.0398866776935993,-0.560735120963482,-0.130109973521777,-0.34040486377953,0.0351473878053476,-0.13081960053592867
-1.32841016443432,1.38420202016276,0.98509773141656,-0.556687352763009,-0.742164933466751,-0.369775201598146,2.0198602220669386
1.17499504415559,-1.43135392462996,-0.342274369680211,1.05863931417117,1.37257974650988,0.801511034447525,-2.3689636128813483
-0.847855435574753,1.60839684527004,-0.74312631875035,-0.565905000900417,-0.106766141688026,-0.941309208169369,1.333124344325887
0.0672571651517858,0.182799642301427,-0.900284919133409,-0.409627186935519,-0.508526211375251,-0.294627256726416,0.21277631364906324
1.1127724390051,-0.939720503556342,-1.2346075590829,2.49035990475994,2.33453832512018,2.39231129241911,-4.020946309672098
-0.12352054733392,0.649781533248918,-0.929994699147291,-0.298816700807746,-0.938422267760498,0.170136180276691,0.38243584579973783
1.14418446826276,-0.627060027921708,-2.10095817547141,1.39305871104436,1.0074687681667,1.61308030815636,-2.9621808305835833
-0.122996733016132,-0.184897028527894,0.80270653362969,0.0183880012156197,0.0964258842699611,-0.0698990868609226,0.23105004322846476
-0.907190076900023,0.785579444430547,0.985097731416564,-1.24590134145105,-0.973452658903675,-1.39076554790036,2.396259341712982
0.0352154819668059,0.176930293348734,-0.591194876587736,-1.00374511163044,-1.20019697655002,-0.866161263297638,1.0469077360868315
-0.479507393453507,0.224331290604663,1.23401823832408,1.1287451361849,0.90911341366374,1.26795477834194,-0.60890281092388
-0.195572466465229,0.286408272317048,-0.0636440827588074,-0.638110396404284,-1.00393964225627,-0.294627256726416,0.909008237470883
-0.0078898063734559,0.0637219523220442,-0.0636440827588163,1.5428421944418,1.1169671457118,1.65588996358201,-1.686373986673978
0.904054972748941,-1.1731277683163,-0.250512463155761,-0.808617441086209,-0.973452658903674,-0.594503371463641,0.03923323312407135
0.842658953980068,-0.710303103765707,-1.05221636129603,0.41540504188856,0.858316017249661,0.0052488580108064,-1.437882444894658
0.463431296114221,-0.77806965519331,0.118747115028074,-0.274130399814601,0.09877688092454,-0.519355426591913,-0.15585858330073968
1.1142147528399,-0.719910279229428,-1.73169859728758,1.06309424138598,1.63670545195398,0.60668139437657,-2.562215042569109
0.101470744332175,-0.0761957513135307,-0.282104834042065,0.0015642065155768,0.0478611862109685,-0.0698990868609219,-0.15327475273631336
0.916169059968233,-0.794672718779075,-1.05221636129603,0.496015331582763,1.90083115739808,-0.594503371463642,-1.6779426353021365
-0.528972999113817,0.306773826488684,1.02116728491295,-0.314650449770155,-0.333470172115284,-0.294627256726417,1.0315441101804712
0.452016283358991,0.611328167319201,-2.28334937325826,0.519711325690067,0.456555947562434,0.546840546776957,-1.3056549072828267
-0.672339027779527,0.989408715366191,-0.0636440827588038,-1.24590134145105,-0.973452658903675,-1.39076554790036,2.0303275424966953
-0.754109012838784,0.393397426975637,1.5126485252455,0.89071603628029,0.877166315628862,1.01332807868191,-0.13382757692453376
1.36894714328131,-1.33190252101124,-1.2346075590829,1.27765877797328,0.502769648966851,1.83780847802185,-2.8836716492639107
0.997915950637064,-1.83694304207742,0.924928195778408,1.58132526121231,2.33453832512019,0.876658979319253,-2.6251335659386053
0.760352373964248,-0.89788661298368,-0.246035280545673,0.0292750541426464,0.451972252552772,-0.294627256726418,-0.7826285905971624
-1.77693695864307,1.61687748156441,1.66457996740811,-0.597275665470029,-0.50852621137525,-0.59450337146364,2.531046506833526
0.52634569250954,-0.771695877265777,0.245445959786869,0.040787368772926,0.0478611862109678,0.0052488580108075,-0.45351031507261313
-0.678578488684177,0.629415979077281,0.584245782346427,-0.280818691211213,-0.284132890383488,-0.219479311854687,1.0056312682291701
-0.665960545186838,1.05639856503982,-0.159883171893342,-0.0920496471227573,-0.186550119553335,0.0521785799793102,0.6930362109102655
1.11390396942074,-0.781303052729476,-1.63993669076311,0.892721134586365,1.78127450786135,0.0949882354049593,-2.3368826614191542
0.192037110895023,-0.0372753903519354,-0.342274369680224,-0.318982681294256,-0.335821168769862,-0.294627256726416,0.16502900707206142
